Temp_coefficient,Salt_coefficient,Performance,ID
0.5,0.5,0.8709677419354839,1
0.5,0.5,0.8857142857142857,2
0.27500000000000124,0.06,0.21153846153846154,3
0.07500000000000107,0.06,0.36231884057971014,4
