temp_coefficient,salt_coefficient,performance,intrusion_ID
0.5,0.5,0.8857142857142857,1
0.07500000000000107,0.06,0.36231884057971014,2
