temp_coefficient,salt_coefficient,performance,intrusion_ID
0.5,0.5,0.8857142857142857,1
0.07500000000000107,0.06,0.36231884057971014,2
0.07500000000000107,0.06,0.36231884057971014,3
0.5,0.5,0.8260869565217391,4
0.5,0.5,0.8857142857142857,5
0.5,0.5,0.8857142857142857,6
0.5,0.5,0.8857142857142857,7
0.5,0.5,0.8857142857142857,8
0.5,0.5,0.8857142857142857,9
0.5,0.5,1.0,10
