Temp_coefficient,Salt_coefficient,Performance,ID
0.5,0.5,0.8709677419354839,1
0.5,0.5,0.8857142857142857,2
