Temp_coefficient,Salt_coefficient,Performance,ID
0.20000000000000107,0.08,0.4772727272727273,1
0.5750000000000015,0.08,0.4375,2
0.2,0.08,0.4772727272727273,3
-0.9249999999999999,0.12,0.8522727272727273,4
